﻿{"cameraMode":{"drawMode":0,"name":"Shaded","section":"Shading Mode"},"sceneLighting":true,"audioPlay":false,"sceneViewState":{"showFog":true,"showMaterialUpdate":true,"showSkybox":true,"showFlares":true,"showImageEffects":true,"showParticleSystems":true},"in2DMode":false,"pivot":{"x":-364.7980041503906,"y":-155.55245971679688,"z":-139.83416748046876},"rotation":{"x":0.1267358809709549,"y":-0.7822687029838562,"z":0.16919027268886567,"w":0.5859764814376831},"size":530.1315307617188,"orthographic":false}